<?xml version = '1.0' encoding = 'UTF-8'?>
<relationalModel class="oracle.dbtools.crest.model.design.relational.RelationalDesign" name="Relational_1" id="3F2A4F08-78CA-1FBF-2B41-DB3D94A0114D" mainViewID="4DB5AEA1-F5CF-023A-B6D7-F14D925C5F2C">
<createdBy>team00</createdBy>
<createdTime>2016-10-08 00:51:02 UTC</createdTime>
<ownerDesignName>gym-proj-2deliverable</ownerDesignName>
<shouldBeOpen>false</shouldBeOpen>
<selectedRDBMSSite>32076570-2523-435C-2E92-BF29817DFF70</selectedRDBMSSite>
</relationalModel>