<?xml version = '1.0' encoding = 'UTF-8'?>
<Relation class="oracle.dbtools.crest.model.design.logical.Relation" name="Relation_3" directorySegmentName="seg_0" id="006D7AAF-2140-C8D3-7E33-6BEF351F4016">
<createdBy>team00</createdBy>
<createdTime>2016-10-08 00:53:24 UTC</createdTime>
<ownerDesignName>gym-proj-2deliverable</ownerDesignName>
<engineerTo>
<item key="3F2A4F08-78CA-1FBF-2B41-DB3D94A0114D" value="true"/>
</engineerTo>
<sourcePk>8F5F44F7-0E19-9D17-B307-5BEC15D1CB08</sourcePk>
<targetPk>08EC5448-DFF2-C40B-2AD0-17C7B748A9CC</targetPk>
<identifying>false</identifying>
<optionalSource>false</optionalSource>
<optionalTarget>false</optionalTarget>
<sourceCardinality>1</sourceCardinality>
<sourceEntity>5C812A21-6FD4-BD70-F597-D45CB16EDDEF</sourceEntity>
<targetCardinalityString>1</targetCardinalityString>
<targetEntity>77F64D01-1FC5-E12D-445E-0C6F6867BB1E</targetEntity>
<transferable>true</transferable>
<deleteRule>NO ACTION</deleteRule>
</Relation>