<?xml version = '1.0' encoding = 'UTF-8'?>
<Relation class="oracle.dbtools.crest.model.design.logical.Relation" name="Relation_8" directorySegmentName="seg_0" id="07C24384-9716-137E-EC1B-B51581FD526B">
<createdBy>team00</createdBy>
<createdTime>2016-10-08 00:57:28 UTC</createdTime>
<ownerDesignName>gym-proj-2deliverable</ownerDesignName>
<engineerTo>
<item key="3F2A4F08-78CA-1FBF-2B41-DB3D94A0114D" value="true"/>
</engineerTo>
<sourcePk>A1EC351E-0361-F4D3-3BAF-F74A904870FA</sourcePk>
<targetPk>C0DA1BF2-D5DB-9590-AD62-181EA7BEEC02</targetPk>
<identifying>false</identifying>
<optionalSource>false</optionalSource>
<optionalTarget>false</optionalTarget>
<sourceCardinality>1</sourceCardinality>
<sourceEntity>0C934388-4380-270D-F070-F843A6AE772B</sourceEntity>
<targetCardinalityString>1</targetCardinalityString>
<targetEntity>96205EFD-F207-B616-F95C-8FAAE5191E46</targetEntity>
<transferable>true</transferable>
<deleteRule>NO ACTION</deleteRule>
</Relation>