<?xml version = '1.0' encoding = 'UTF-8'?>
<Relation class="oracle.dbtools.crest.model.design.logical.Relation" name="Relation_2" directorySegmentName="seg_0" id="19463800-C596-FC34-2692-D8B02D2E5535">
<createdBy>team00</createdBy>
<createdTime>2016-10-08 00:53:14 UTC</createdTime>
<ownerDesignName>gym-proj-2deliverable</ownerDesignName>
<engineerTo>
<item key="3F2A4F08-78CA-1FBF-2B41-DB3D94A0114D" value="true"/>
</engineerTo>
<sourcePk>8F5F44F7-0E19-9D17-B307-5BEC15D1CB08</sourcePk>
<targetPk>9F618E7E-70AE-8F53-A8E9-100DAE279763</targetPk>
<identifying>false</identifying>
<optionalSource>false</optionalSource>
<optionalTarget>false</optionalTarget>
<sourceCardinality>1</sourceCardinality>
<sourceEntity>5C812A21-6FD4-BD70-F597-D45CB16EDDEF</sourceEntity>
<targetCardinalityString>1</targetCardinalityString>
<targetEntity>657B6E5D-C7DA-4C4E-8FAA-CBEFD9A47FF7</targetEntity>
<transferable>true</transferable>
<deleteRule>NO ACTION</deleteRule>
</Relation>