<?xml version = '1.0' encoding = 'UTF-8'?>
<Relation class="oracle.dbtools.crest.model.design.logical.Relation" name="Relation_6" directorySegmentName="seg_0" id="1F266AB4-DB08-A1E8-FEF7-7D9F96A270F9">
<createdBy>team00</createdBy>
<createdTime>2016-10-08 00:54:52 UTC</createdTime>
<ownerDesignName>gym-proj-2deliverable</ownerDesignName>
<engineerTo>
<item key="3F2A4F08-78CA-1FBF-2B41-DB3D94A0114D" value="true"/>
</engineerTo>
<sourcePk>77F300B7-AF43-6BFB-A848-CA4D8D1A852F</sourcePk>
<targetPk>395AFCA4-391F-526C-234B-B8D6511BBBF1</targetPk>
<identifying>false</identifying>
<optionalSource>false</optionalSource>
<optionalTarget>false</optionalTarget>
<sourceCardinality>1</sourceCardinality>
<sourceEntity>3601CAE9-4B9B-3990-061C-23886905BC0F</sourceEntity>
<targetCardinalityString>*</targetCardinalityString>
<targetEntity>5AEF2B05-97FD-F749-53D1-3869ED8D3500</targetEntity>
<transferable>true</transferable>
<deleteRule>NO ACTION</deleteRule>
</Relation>