<?xml version = '1.0' encoding = 'UTF-8'?>
<Relation class="oracle.dbtools.crest.model.design.logical.Relation" name="Relation_9" directorySegmentName="seg_0" id="655E0DA9-B8B5-84F8-620B-8E6BB070A6A4">
<createdBy>team00</createdBy>
<createdTime>2016-10-08 00:58:28 UTC</createdTime>
<ownerDesignName>gym-proj-2deliverable</ownerDesignName>
<engineerTo>
<item key="3F2A4F08-78CA-1FBF-2B41-DB3D94A0114D" value="true"/>
</engineerTo>
<sourcePk>08EC5448-DFF2-C40B-2AD0-17C7B748A9CC</sourcePk>
<targetPk>F703CFDC-E3CD-7BE7-1DF3-6144A2885A93</targetPk>
<identifying>false</identifying>
<optionalSource>false</optionalSource>
<optionalTarget>false</optionalTarget>
<sourceCardinality>1</sourceCardinality>
<sourceEntity>77F64D01-1FC5-E12D-445E-0C6F6867BB1E</sourceEntity>
<targetCardinalityString>*</targetCardinalityString>
<targetEntity>799A2055-8373-85CB-E9BC-639EE690B588</targetEntity>
<transferable>true</transferable>
<deleteRule>NO ACTION</deleteRule>
</Relation>