<?xml version = '1.0' encoding = 'UTF-8'?>
<Relation class="oracle.dbtools.crest.model.design.logical.Relation" name="Relation_7" directorySegmentName="seg_0" id="6762AD1C-804A-BBCC-2A65-D869037E3117">
<createdBy>team00</createdBy>
<createdTime>2016-10-08 00:56:55 UTC</createdTime>
<ownerDesignName>gym-proj-2deliverable</ownerDesignName>
<engineerTo>
<item key="3F2A4F08-78CA-1FBF-2B41-DB3D94A0114D" value="true"/>
</engineerTo>
<sourcePk>A1EC351E-0361-F4D3-3BAF-F74A904870FA</sourcePk>
<targetPk>09BAB911-FD2D-6DD9-F730-0AB35FACED38</targetPk>
<identifying>false</identifying>
<optionalSource>false</optionalSource>
<optionalTarget>false</optionalTarget>
<sourceCardinality>1</sourceCardinality>
<sourceEntity>0C934388-4380-270D-F070-F843A6AE772B</sourceEntity>
<targetCardinalityString>1</targetCardinalityString>
<targetEntity>2E49CD28-0DFA-95D4-64BA-DFC2EEC90E5D</targetEntity>
<transferable>true</transferable>
<deleteRule>NO ACTION</deleteRule>
</Relation>