<?xml version = '1.0' encoding = 'UTF-8'?>
<Relation class="oracle.dbtools.crest.model.design.logical.Relation" name="Relation_5" directorySegmentName="seg_0" id="752A985E-9E1F-79DF-2DAF-F39FFD4C5655">
<createdBy>team00</createdBy>
<createdTime>2016-10-08 00:54:34 UTC</createdTime>
<ownerDesignName>gym-proj-2deliverable</ownerDesignName>
<engineerTo>
<item key="3F2A4F08-78CA-1FBF-2B41-DB3D94A0114D" value="true"/>
</engineerTo>
<sourcePk>9F618E7E-70AE-8F53-A8E9-100DAE279763</sourcePk>
<targetPk>395AFCA4-391F-526C-234B-B8D6511BBBF1</targetPk>
<identifying>false</identifying>
<optionalSource>false</optionalSource>
<optionalTarget>false</optionalTarget>
<sourceCardinality>1</sourceCardinality>
<sourceEntity>657B6E5D-C7DA-4C4E-8FAA-CBEFD9A47FF7</sourceEntity>
<targetCardinalityString>*</targetCardinalityString>
<targetEntity>5AEF2B05-97FD-F749-53D1-3869ED8D3500</targetEntity>
<transferable>true</transferable>
<deleteRule>NO ACTION</deleteRule>
</Relation>