<?xml version = '1.0' encoding = 'UTF-8'?>
<Relation class="oracle.dbtools.crest.model.design.logical.Relation" name="Relation_11" directorySegmentName="seg_0" id="84B40E9B-D3FC-8E1A-1756-7C44E0269DB8">
<createdBy>team00</createdBy>
<createdTime>2016-10-08 01:00:26 UTC</createdTime>
<ownerDesignName>gym-proj-2deliverable</ownerDesignName>
<engineerTo>
<item key="3F2A4F08-78CA-1FBF-2B41-DB3D94A0114D" value="true"/>
</engineerTo>
<sourcePk>77F300B7-AF43-6BFB-A848-CA4D8D1A852F</sourcePk>
<targetPk>4C882FC3-FD47-EB79-92CE-B94B43FDD8E9</targetPk>
<identifying>false</identifying>
<optionalSource>false</optionalSource>
<optionalTarget>false</optionalTarget>
<sourceCardinality>1</sourceCardinality>
<sourceEntity>3601CAE9-4B9B-3990-061C-23886905BC0F</sourceEntity>
<targetCardinalityString>*</targetCardinalityString>
<targetEntity>08EE50F6-AB32-205D-057B-7565144DF19A</targetEntity>
<transferable>true</transferable>
<deleteRule>NO ACTION</deleteRule>
</Relation>