<?xml version = '1.0' encoding = 'UTF-8'?>
<Relation class="oracle.dbtools.crest.model.design.logical.Relation" name="Relation_10" directorySegmentName="seg_0" id="8B3BA610-7F97-2215-513A-BFE03D42136E">
<createdBy>team00</createdBy>
<createdTime>2016-10-08 00:58:38 UTC</createdTime>
<ownerDesignName>gym-proj-2deliverable</ownerDesignName>
<engineerTo>
<item key="3F2A4F08-78CA-1FBF-2B41-DB3D94A0114D" value="true"/>
</engineerTo>
<sourcePk>C0DA1BF2-D5DB-9590-AD62-181EA7BEEC02</sourcePk>
<targetPk>F703CFDC-E3CD-7BE7-1DF3-6144A2885A93</targetPk>
<identifying>false</identifying>
<optionalSource>false</optionalSource>
<optionalTarget>false</optionalTarget>
<sourceCardinality>1</sourceCardinality>
<sourceEntity>96205EFD-F207-B616-F95C-8FAAE5191E46</sourceEntity>
<targetCardinalityString>*</targetCardinalityString>
<targetEntity>799A2055-8373-85CB-E9BC-639EE690B588</targetEntity>
<transferable>true</transferable>
<deleteRule>NO ACTION</deleteRule>
</Relation>