<?xml version = '1.0' encoding = 'UTF-8'?>
<Relation class="oracle.dbtools.crest.model.design.logical.Relation" name="Relation_4" directorySegmentName="seg_0" id="C7B79A96-DF96-74E4-2AC3-BF67A2A42EF0">
<createdBy>team00</createdBy>
<createdTime>2016-10-08 00:53:35 UTC</createdTime>
<ownerDesignName>gym-proj-2deliverable</ownerDesignName>
<engineerTo>
<item key="3F2A4F08-78CA-1FBF-2B41-DB3D94A0114D" value="true"/>
</engineerTo>
<sourcePk>08EC5448-DFF2-C40B-2AD0-17C7B748A9CC</sourcePk>
<targetPk>77F300B7-AF43-6BFB-A848-CA4D8D1A852F</targetPk>
<identifying>false</identifying>
<optionalSource>false</optionalSource>
<optionalTarget>false</optionalTarget>
<sourceCardinality>1</sourceCardinality>
<sourceEntity>77F64D01-1FC5-E12D-445E-0C6F6867BB1E</sourceEntity>
<targetCardinalityString>1</targetCardinalityString>
<targetEntity>3601CAE9-4B9B-3990-061C-23886905BC0F</targetEntity>
<transferable>true</transferable>
<deleteRule>NO ACTION</deleteRule>
</Relation>