<?xml version = '1.0' encoding = 'UTF-8'?>
<Entity class="oracle.dbtools.crest.model.design.logical.Entity" directorySegmentName="seg_0" id="08EE50F6-AB32-205D-057B-7565144DF19A" name="Class">
<createdBy>team00</createdBy>
<createdTime>2016-10-08 00:59:34 UTC</createdTime>
<ownerDesignName>gym-proj-2deliverable</ownerDesignName>
<engineerTo>
<item key="3F2A4F08-78CA-1FBF-2B41-DB3D94A0114D" value="true"/>
</engineerTo>
<adequatelyNormalized>NO</adequatelyNormalized>
<expectedVolumes>0</expectedVolumes>
<fwdEngineeringStrategyName>Single Table</fwdEngineeringStrategyName>
<growthPercent>0</growthPercent>
<growthType>Year</growthType>
<maxVolumes>9999999</maxVolumes>
<minVolumes>0</minVolumes>
<normalForm>Third</normalForm>
<attributes itemClass="oracle.dbtools.crest.model.design.logical.Attribute">
<Attribute name="trainer_id" id="32196619-EB4E-AB21-9DF0-A9014F5FF159">
<createdBy>team00</createdBy>
<createdTime>2016-10-08 00:59:38 UTC</createdTime>
<ownerDesignName>gym-proj-2deliverable</ownerDesignName>
<engineerTo>
<item key="3F2A4F08-78CA-1FBF-2B41-DB3D94A0114D" value="true"/>
</engineerTo>
<useDomainConstraints>false</useDomainConstraints>
<use>1</use>
<logicalDatatype>LOGDT025</logicalDatatype>
<dataTypeSize>6</dataTypeSize>
<ownDataTypeParameters>6,,</ownDataTypeParameters>
</Attribute>
<Attribute name="class_id" id="4D5CE744-209F-EF13-200A-8B2C20D63289">
<createdBy>team00</createdBy>
<createdTime>2016-10-08 00:59:56 UTC</createdTime>
<ownerDesignName>gym-proj-2deliverable</ownerDesignName>
<engineerTo>
<item key="3F2A4F08-78CA-1FBF-2B41-DB3D94A0114D" value="true"/>
</engineerTo>
<useDomainConstraints>false</useDomainConstraints>
<use>1</use>
<logicalDatatype>LOGDT025</logicalDatatype>
<dataTypeSize>6</dataTypeSize>
<ownDataTypeParameters>6,,</ownDataTypeParameters>
</Attribute>
<Attribute name="trainer" id="6A9DB444-85F9-C0EB-520A-B33F8EA387EF">
<createdBy>team00</createdBy>
<createdTime>2016-10-08 01:00:26 UTC</createdTime>
<generatorID>84B40E9B-D3FC-8E1A-1756-7C44E0269DB8</generatorID>
<ownerDesignName>gym-proj-2deliverable</ownerDesignName>
<engineerTo>
<item key="3F2A4F08-78CA-1FBF-2B41-DB3D94A0114D" value="true"/>
</engineerTo>
<referedAttribute>13706B82-004B-F9F6-CA8C-AC3A759F0D1E</referedAttribute>
<useDomainConstraints>false</useDomainConstraints>
<use>1</use>
<logicalDatatype>LOGDT025</logicalDatatype>
<dataTypeSize>6</dataTypeSize>
<ownDataTypeParameters>,,</ownDataTypeParameters>
</Attribute>
<Attribute name="time" id="0CB95B5B-0312-A12D-493E-C354F5F83385">
<createdBy>team00</createdBy>
<createdTime>2016-10-08 01:13:58 UTC</createdTime>
<ownerDesignName>gym-proj-2deliverable</ownerDesignName>
<engineerTo>
<item key="3F2A4F08-78CA-1FBF-2B41-DB3D94A0114D" value="true"/>
</engineerTo>
<nullsAllowed>true</nullsAllowed>
<useDomainConstraints>false</useDomainConstraints>
<use>1</use>
<logicalDatatype>LOGDT014</logicalDatatype>
<ownDataTypeParameters>,,</ownDataTypeParameters>
</Attribute>
<Attribute name="days" id="9BFF902C-5CE6-7F46-32D9-35AE124E04E7">
<createdBy>team00</createdBy>
<createdTime>2016-10-08 01:14:19 UTC</createdTime>
<ownerDesignName>gym-proj-2deliverable</ownerDesignName>
<engineerTo>
<item key="3F2A4F08-78CA-1FBF-2B41-DB3D94A0114D" value="true"/>
</engineerTo>
<nullsAllowed>true</nullsAllowed>
<useDomainConstraints>false</useDomainConstraints>
<use>1</use>
<logicalDatatype>LOGDT024</logicalDatatype>
<dataTypeSize>7</dataTypeSize>
<ownDataTypeParameters>7,,</ownDataTypeParameters>
</Attribute>
</attributes>
<identifiers itemClass="oracle.dbtools.crest.model.design.logical.CandidateKey">
<identifier id="4C882FC3-FD47-EB79-92CE-B94B43FDD8E9" name="Class PK">
<createdBy>team00</createdBy>
<createdTime>2016-10-08 00:59:55 UTC</createdTime>
<ownerDesignName>gym-proj-2deliverable</ownerDesignName>
<engineerTo>
<item key="3F2A4F08-78CA-1FBF-2B41-DB3D94A0114D" value="true"/>
</engineerTo>
<pk>true</pk>
<usedAttributes>
<attributeRef>32196619-EB4E-AB21-9DF0-A9014F5FF159</attributeRef>
<attributeRef>4D5CE744-209F-EF13-200A-8B2C20D63289</attributeRef>
</usedAttributes>
</identifier>
</identifiers>
</Entity>