<?xml version = '1.0' encoding = 'UTF-8'?>
<Entity class="oracle.dbtools.crest.model.design.logical.Entity" directorySegmentName="seg_0" id="2E49CD28-0DFA-95D4-64BA-DFC2EEC90E5D" name="weightlifting_equipment">
<createdBy>team00</createdBy>
<createdTime>2016-10-08 00:56:18 UTC</createdTime>
<ownerDesignName>gym-proj-2deliverable</ownerDesignName>
<engineerTo>
<item key="3F2A4F08-78CA-1FBF-2B41-DB3D94A0114D" value="true"/>
</engineerTo>
<adequatelyNormalized>NO</adequatelyNormalized>
<expectedVolumes>0</expectedVolumes>
<fwdEngineeringStrategyName>Single Table</fwdEngineeringStrategyName>
<growthPercent>0</growthPercent>
<growthType>Year</growthType>
<maxVolumes>9999999</maxVolumes>
<minVolumes>0</minVolumes>
<normalForm>Third</normalForm>
<attributes itemClass="oracle.dbtools.crest.model.design.logical.Attribute">
<Attribute name="equipment_id" id="802F3EE2-683E-3146-DFD9-D48DBAEEA035">
<createdBy>team00</createdBy>
<createdTime>2016-10-08 00:56:32 UTC</createdTime>
<ownerDesignName>gym-proj-2deliverable</ownerDesignName>
<engineerTo>
<item key="3F2A4F08-78CA-1FBF-2B41-DB3D94A0114D" value="true"/>
</engineerTo>
<useDomainConstraints>false</useDomainConstraints>
<use>1</use>
<logicalDatatype>LOGDT025</logicalDatatype>
<dataTypeSize>6</dataTypeSize>
<ownDataTypeParameters>6,,</ownDataTypeParameters>
</Attribute>
<Attribute name="equipment_id1" id="B4382432-2D44-8723-7221-08B2E1CC1638">
<createdBy>team00</createdBy>
<createdTime>2016-10-08 00:56:55 UTC</createdTime>
<generatorID>6762AD1C-804A-BBCC-2A65-D869037E3117</generatorID>
<ownerDesignName>gym-proj-2deliverable</ownerDesignName>
<engineerTo>
<item key="3F2A4F08-78CA-1FBF-2B41-DB3D94A0114D" value="true"/>
</engineerTo>
<referedAttribute>8A47E1D1-C928-EEED-D751-3A049DD4C79F</referedAttribute>
<useDomainConstraints>false</useDomainConstraints>
<use>1</use>
<logicalDatatype>LOGDT025</logicalDatatype>
<dataTypeSize>6</dataTypeSize>
<ownDataTypeParameters>,,</ownDataTypeParameters>
</Attribute>
<Attribute name="weight" id="B60C4409-B064-D300-83F7-463FB38E5037">
<createdBy>team00</createdBy>
<createdTime>2016-10-08 01:18:37 UTC</createdTime>
<comment>in pounds</comment>
<ownerDesignName>gym-proj-2deliverable</ownerDesignName>
<engineerTo>
<item key="3F2A4F08-78CA-1FBF-2B41-DB3D94A0114D" value="true"/>
</engineerTo>
<nullsAllowed>true</nullsAllowed>
<useDomainConstraints>false</useDomainConstraints>
<use>1</use>
<logicalDatatype>LOGDT011</logicalDatatype>
<ownDataTypeParameters>,,</ownDataTypeParameters>
</Attribute>
<Attribute name="type" id="1EB295D6-20F3-454E-D04F-4B6BC94FDCD1">
<createdBy>team00</createdBy>
<createdTime>2016-10-08 01:19:23 UTC</createdTime>
<ownerDesignName>gym-proj-2deliverable</ownerDesignName>
<engineerTo>
<item key="3F2A4F08-78CA-1FBF-2B41-DB3D94A0114D" value="true"/>
</engineerTo>
<nullsAllowed>true</nullsAllowed>
<useDomainConstraints>false</useDomainConstraints>
<use>1</use>
<logicalDatatype>LOGDT024</logicalDatatype>
<dataTypeSize>20</dataTypeSize>
<ownDataTypeParameters>20,,</ownDataTypeParameters>
</Attribute>
<Attribute name="diameter" id="20250567-F446-E0AF-D46B-C9F1FCD7CE28">
<createdBy>team00</createdBy>
<createdTime>2016-10-08 01:19:35 UTC</createdTime>
<comment>in inches</comment>
<ownerDesignName>gym-proj-2deliverable</ownerDesignName>
<engineerTo>
<item key="3F2A4F08-78CA-1FBF-2B41-DB3D94A0114D" value="true"/>
</engineerTo>
<nullsAllowed>true</nullsAllowed>
<useDomainConstraints>false</useDomainConstraints>
<use>1</use>
<logicalDatatype>LOGDT011</logicalDatatype>
<ownDataTypeParameters>,,</ownDataTypeParameters>
</Attribute>
</attributes>
<identifiers itemClass="oracle.dbtools.crest.model.design.logical.CandidateKey">
<identifier id="09BAB911-FD2D-6DD9-F730-0AB35FACED38" name="weightlifting_equipment PK">
<createdBy>team00</createdBy>
<createdTime>2016-10-08 00:56:43 UTC</createdTime>
<ownerDesignName>gym-proj-2deliverable</ownerDesignName>
<engineerTo>
<item key="3F2A4F08-78CA-1FBF-2B41-DB3D94A0114D" value="true"/>
</engineerTo>
<pk>true</pk>
<usedAttributes>
<attributeRef>802F3EE2-683E-3146-DFD9-D48DBAEEA035</attributeRef>
</usedAttributes>
</identifier>
</identifiers>
</Entity>