<?xml version = '1.0' encoding = 'UTF-8'?>
<Entity class="oracle.dbtools.crest.model.design.logical.Entity" directorySegmentName="seg_0" id="5AEF2B05-97FD-F749-53D1-3869ED8D3500" name="Sessions">
<createdBy>team00</createdBy>
<createdTime>2016-10-08 00:53:57 UTC</createdTime>
<ownerDesignName>gym-proj-2deliverable</ownerDesignName>
<engineerTo>
<item key="3F2A4F08-78CA-1FBF-2B41-DB3D94A0114D" value="true"/>
</engineerTo>
<adequatelyNormalized>NO</adequatelyNormalized>
<expectedVolumes>0</expectedVolumes>
<fwdEngineeringStrategyName>Single Table</fwdEngineeringStrategyName>
<growthPercent>0</growthPercent>
<growthType>Year</growthType>
<maxVolumes>9999999</maxVolumes>
<minVolumes>0</minVolumes>
<normalForm>Third</normalForm>
<attributes itemClass="oracle.dbtools.crest.model.design.logical.Attribute">
<Attribute name="customer_id" id="53F6C815-963B-3BDC-50CF-2B77ABCAC060">
<createdBy>team00</createdBy>
<createdTime>2016-10-08 00:54:03 UTC</createdTime>
<ownerDesignName>gym-proj-2deliverable</ownerDesignName>
<engineerTo>
<item key="3F2A4F08-78CA-1FBF-2B41-DB3D94A0114D" value="true"/>
</engineerTo>
<useDomainConstraints>false</useDomainConstraints>
<use>1</use>
<logicalDatatype>LOGDT025</logicalDatatype>
<dataTypeSize>6</dataTypeSize>
<ownDataTypeParameters>6,,</ownDataTypeParameters>
</Attribute>
<Attribute name="trainer_id" id="2FD5640D-F54E-C778-9CC3-49A3A6085046">
<createdBy>team00</createdBy>
<createdTime>2016-10-08 00:54:14 UTC</createdTime>
<ownerDesignName>gym-proj-2deliverable</ownerDesignName>
<engineerTo>
<item key="3F2A4F08-78CA-1FBF-2B41-DB3D94A0114D" value="true"/>
</engineerTo>
<useDomainConstraints>false</useDomainConstraints>
<use>1</use>
<logicalDatatype>LOGDT025</logicalDatatype>
<dataTypeSize>6</dataTypeSize>
<ownDataTypeParameters>6,,</ownDataTypeParameters>
</Attribute>
<Attribute name="customer_id1" id="BC68665F-971A-6A50-7987-21A6E1E719E4">
<createdBy>team00</createdBy>
<createdTime>2016-10-08 00:54:34 UTC</createdTime>
<generatorID>752A985E-9E1F-79DF-2DAF-F39FFD4C5655</generatorID>
<ownerDesignName>gym-proj-2deliverable</ownerDesignName>
<engineerTo>
<item key="3F2A4F08-78CA-1FBF-2B41-DB3D94A0114D" value="true"/>
</engineerTo>
<referedAttribute>2A37038E-7456-5A89-BB83-96D04C6CC826</referedAttribute>
<useDomainConstraints>false</useDomainConstraints>
<use>1</use>
<logicalDatatype>LOGDT025</logicalDatatype>
<dataTypeSize>6</dataTypeSize>
<ownDataTypeParameters>,,</ownDataTypeParameters>
</Attribute>
<Attribute name="trainer" id="C22F0C65-0CE0-D8A1-81BD-13F683EA8AFE">
<createdBy>team00</createdBy>
<createdTime>2016-10-08 00:54:52 UTC</createdTime>
<generatorID>1F266AB4-DB08-A1E8-FEF7-7D9F96A270F9</generatorID>
<ownerDesignName>gym-proj-2deliverable</ownerDesignName>
<engineerTo>
<item key="3F2A4F08-78CA-1FBF-2B41-DB3D94A0114D" value="true"/>
</engineerTo>
<referedAttribute>13706B82-004B-F9F6-CA8C-AC3A759F0D1E</referedAttribute>
<useDomainConstraints>false</useDomainConstraints>
<use>1</use>
<logicalDatatype>LOGDT025</logicalDatatype>
<dataTypeSize>6</dataTypeSize>
<ownDataTypeParameters>,,</ownDataTypeParameters>
</Attribute>
<Attribute name="added_cost" id="E1775F41-75BE-B5B6-1FFA-87E65D86CB23">
<createdBy>team00</createdBy>
<createdTime>2016-10-08 01:12:50 UTC</createdTime>
<ownerDesignName>gym-proj-2deliverable</ownerDesignName>
<engineerTo>
<item key="3F2A4F08-78CA-1FBF-2B41-DB3D94A0114D" value="true"/>
</engineerTo>
<nullsAllowed>true</nullsAllowed>
<useDomainConstraints>false</useDomainConstraints>
<use>1</use>
<logicalDatatype>LOGDT026</logicalDatatype>
<dataTypePrecision>2</dataTypePrecision>
<ownDataTypeParameters>,2,</ownDataTypeParameters>
</Attribute>
<Attribute name="time" id="05105CEE-EDF2-CBF7-089A-5E573405A88B">
<createdBy>team00</createdBy>
<createdTime>2016-10-08 01:13:00 UTC</createdTime>
<ownerDesignName>gym-proj-2deliverable</ownerDesignName>
<engineerTo>
<item key="3F2A4F08-78CA-1FBF-2B41-DB3D94A0114D" value="true"/>
</engineerTo>
<nullsAllowed>true</nullsAllowed>
<useDomainConstraints>false</useDomainConstraints>
<use>1</use>
<logicalDatatype>LOGDT014</logicalDatatype>
<ownDataTypeParameters>,,</ownDataTypeParameters>
</Attribute>
<Attribute name="days" id="F65DAC22-C732-FA1E-F8EC-F0ED684A1B6B">
<createdBy>team00</createdBy>
<createdTime>2016-10-08 01:13:16 UTC</createdTime>
<ownerDesignName>gym-proj-2deliverable</ownerDesignName>
<engineerTo>
<item key="3F2A4F08-78CA-1FBF-2B41-DB3D94A0114D" value="true"/>
</engineerTo>
<nullsAllowed>true</nullsAllowed>
<useDomainConstraints>false</useDomainConstraints>
<use>1</use>
<logicalDatatype>LOGDT024</logicalDatatype>
<dataTypeSize>7</dataTypeSize>
<ownDataTypeParameters>7,,</ownDataTypeParameters>
</Attribute>
</attributes>
<identifiers itemClass="oracle.dbtools.crest.model.design.logical.CandidateKey">
<identifier id="395AFCA4-391F-526C-234B-B8D6511BBBF1" name="Sessions PK">
<createdBy>team00</createdBy>
<createdTime>2016-10-08 00:54:13 UTC</createdTime>
<ownerDesignName>gym-proj-2deliverable</ownerDesignName>
<engineerTo>
<item key="3F2A4F08-78CA-1FBF-2B41-DB3D94A0114D" value="true"/>
</engineerTo>
<pk>true</pk>
<usedAttributes>
<attributeRef>53F6C815-963B-3BDC-50CF-2B77ABCAC060</attributeRef>
<attributeRef>2FD5640D-F54E-C778-9CC3-49A3A6085046</attributeRef>
</usedAttributes>
</identifier>
</identifiers>
</Entity>