<?xml version = '1.0' encoding = 'UTF-8'?>
<Entity class="oracle.dbtools.crest.model.design.logical.Entity" directorySegmentName="seg_0" id="657B6E5D-C7DA-4C4E-8FAA-CBEFD9A47FF7" name="Customer">
<createdBy>team00</createdBy>
<createdTime>2016-10-08 00:51:20 UTC</createdTime>
<ownerDesignName>gym-proj-2deliverable</ownerDesignName>
<engineerTo>
<item key="3F2A4F08-78CA-1FBF-2B41-DB3D94A0114D" value="true"/>
</engineerTo>
<adequatelyNormalized>NO</adequatelyNormalized>
<expectedVolumes>0</expectedVolumes>
<fwdEngineeringStrategyName>Single Table</fwdEngineeringStrategyName>
<growthPercent>0</growthPercent>
<growthType>Year</growthType>
<maxVolumes>9999999</maxVolumes>
<minVolumes>0</minVolumes>
<normalForm>Third</normalForm>
<attributes itemClass="oracle.dbtools.crest.model.design.logical.Attribute">
<Attribute name="customer_id" id="2A37038E-7456-5A89-BB83-96D04C6CC826">
<createdBy>team00</createdBy>
<createdTime>2016-10-08 00:51:25 UTC</createdTime>
<ownerDesignName>gym-proj-2deliverable</ownerDesignName>
<engineerTo>
<item key="3F2A4F08-78CA-1FBF-2B41-DB3D94A0114D" value="true"/>
</engineerTo>
<useDomainConstraints>false</useDomainConstraints>
<use>1</use>
<logicalDatatype>LOGDT025</logicalDatatype>
<dataTypeSize>6</dataTypeSize>
<ownDataTypeParameters>6,,</ownDataTypeParameters>
</Attribute>
<Attribute name="person_id" id="879F8B05-1060-E428-EE1F-0ED722085FE4">
<createdBy>team00</createdBy>
<createdTime>2016-10-08 00:53:14 UTC</createdTime>
<generatorID>19463800-C596-FC34-2692-D8B02D2E5535</generatorID>
<ownerDesignName>gym-proj-2deliverable</ownerDesignName>
<engineerTo>
<item key="3F2A4F08-78CA-1FBF-2B41-DB3D94A0114D" value="true"/>
</engineerTo>
<referedAttribute>3A76287B-354F-02BF-DBC5-2BB8CB42CC97</referedAttribute>
<useDomainConstraints>false</useDomainConstraints>
<use>1</use>
<logicalDatatype>LOGDT025</logicalDatatype>
<dataTypeSize>6</dataTypeSize>
<ownDataTypeParameters>,,</ownDataTypeParameters>
</Attribute>
<Attribute name="last_payment" id="3E30BE6C-514F-0C83-7A83-5B28AED65C89">
<createdBy>team00</createdBy>
<createdTime>2016-10-08 01:08:24 UTC</createdTime>
<ownerDesignName>gym-proj-2deliverable</ownerDesignName>
<engineerTo>
<item key="3F2A4F08-78CA-1FBF-2B41-DB3D94A0114D" value="true"/>
</engineerTo>
<nullsAllowed>true</nullsAllowed>
<useDomainConstraints>false</useDomainConstraints>
<use>1</use>
<logicalDatatype>LOGDT007</logicalDatatype>
<ownDataTypeParameters>,,</ownDataTypeParameters>
</Attribute>
<Attribute name="is_active" id="92864CA9-11C7-058E-02DD-18E2AA361E5C">
<createdBy>team00</createdBy>
<createdTime>2016-10-08 01:09:43 UTC</createdTime>
<ownerDesignName>gym-proj-2deliverable</ownerDesignName>
<engineerTo>
<item key="3F2A4F08-78CA-1FBF-2B41-DB3D94A0114D" value="true"/>
</engineerTo>
<nullsAllowed>true</nullsAllowed>
<useDomainConstraints>false</useDomainConstraints>
<use>1</use>
<logicalDatatype>LOGDT006</logicalDatatype>
<dataTypeSize>1</dataTypeSize>
<ownDataTypeParameters>1,,</ownDataTypeParameters>
</Attribute>
<Attribute name="monthly_payment" id="87274E4A-4A3D-E8EE-1B6D-318865C483C9">
<createdBy>team00</createdBy>
<createdTime>2016-10-08 01:09:53 UTC</createdTime>
<comment>derived field from base pay + sessions</comment>
<ownerDesignName>gym-proj-2deliverable</ownerDesignName>
<engineerTo>
<item key="3F2A4F08-78CA-1FBF-2B41-DB3D94A0114D" value="true"/>
</engineerTo>
<nullsAllowed>true</nullsAllowed>
<use>0</use>
<ownDataTypeParameters>,,</ownDataTypeParameters>
</Attribute>
</attributes>
<identifiers itemClass="oracle.dbtools.crest.model.design.logical.CandidateKey">
<identifier id="9F618E7E-70AE-8F53-A8E9-100DAE279763" name="Customer PK">
<createdBy>team00</createdBy>
<createdTime>2016-10-08 00:53:02 UTC</createdTime>
<ownerDesignName>gym-proj-2deliverable</ownerDesignName>
<engineerTo>
<item key="3F2A4F08-78CA-1FBF-2B41-DB3D94A0114D" value="true"/>
</engineerTo>
<pk>true</pk>
<usedAttributes>
<attributeRef>2A37038E-7456-5A89-BB83-96D04C6CC826</attributeRef>
</usedAttributes>
</identifier>
</identifiers>
</Entity>