<?xml version = '1.0' encoding = 'UTF-8'?>
<Entity class="oracle.dbtools.crest.model.design.logical.Entity" directorySegmentName="seg_0" id="77F64D01-1FC5-E12D-445E-0C6F6867BB1E" name="Employee">
<createdBy>team00</createdBy>
<createdTime>2016-10-08 00:51:46 UTC</createdTime>
<ownerDesignName>gym-proj-2deliverable</ownerDesignName>
<engineerTo>
<item key="3F2A4F08-78CA-1FBF-2B41-DB3D94A0114D" value="true"/>
</engineerTo>
<adequatelyNormalized>NO</adequatelyNormalized>
<expectedVolumes>0</expectedVolumes>
<fwdEngineeringStrategyName>Single Table</fwdEngineeringStrategyName>
<growthPercent>0</growthPercent>
<growthType>Year</growthType>
<maxVolumes>9999999</maxVolumes>
<minVolumes>0</minVolumes>
<normalForm>Third</normalForm>
<attributes itemClass="oracle.dbtools.crest.model.design.logical.Attribute">
<Attribute name="employee_id" id="047D4E67-3BE0-298A-DFC6-E7B769662C0D">
<createdBy>team00</createdBy>
<createdTime>2016-10-08 00:52:00 UTC</createdTime>
<ownerDesignName>gym-proj-2deliverable</ownerDesignName>
<engineerTo>
<item key="3F2A4F08-78CA-1FBF-2B41-DB3D94A0114D" value="true"/>
</engineerTo>
<useDomainConstraints>false</useDomainConstraints>
<use>1</use>
<logicalDatatype>LOGDT025</logicalDatatype>
<dataTypeSize>6</dataTypeSize>
<ownDataTypeParameters>6,,</ownDataTypeParameters>
</Attribute>
<Attribute name="person_id" id="F7F2426C-A29A-4470-555E-631BDB106481">
<createdBy>team00</createdBy>
<createdTime>2016-10-08 00:53:24 UTC</createdTime>
<generatorID>006D7AAF-2140-C8D3-7E33-6BEF351F4016</generatorID>
<ownerDesignName>gym-proj-2deliverable</ownerDesignName>
<engineerTo>
<item key="3F2A4F08-78CA-1FBF-2B41-DB3D94A0114D" value="true"/>
</engineerTo>
<referedAttribute>3A76287B-354F-02BF-DBC5-2BB8CB42CC97</referedAttribute>
<useDomainConstraints>false</useDomainConstraints>
<use>1</use>
<logicalDatatype>LOGDT025</logicalDatatype>
<dataTypeSize>6</dataTypeSize>
<ownDataTypeParameters>,,</ownDataTypeParameters>
</Attribute>
<Attribute name="trainer" id="0265530E-60E3-98FC-8188-DA5EC667858E">
<createdBy>team00</createdBy>
<createdTime>2016-10-08 00:53:39 UTC</createdTime>
<generatorID>C7B79A96-DF96-74E4-2AC3-BF67A2A42EF0</generatorID>
<ownerDesignName>gym-proj-2deliverable</ownerDesignName>
<engineerTo>
<item key="3F2A4F08-78CA-1FBF-2B41-DB3D94A0114D" value="true"/>
</engineerTo>
<referedAttribute>13706B82-004B-F9F6-CA8C-AC3A759F0D1E</referedAttribute>
<useDomainConstraints>false</useDomainConstraints>
<use>1</use>
<logicalDatatype>LOGDT025</logicalDatatype>
<dataTypeSize>6</dataTypeSize>
<ownDataTypeParameters>,,</ownDataTypeParameters>
</Attribute>
<Attribute name="wage" id="9B1F08DA-657D-BEBF-623A-B8E61A14FB5A">
<createdBy>team00</createdBy>
<createdTime>2016-10-08 01:11:20 UTC</createdTime>
<ownerDesignName>gym-proj-2deliverable</ownerDesignName>
<engineerTo>
<item key="3F2A4F08-78CA-1FBF-2B41-DB3D94A0114D" value="true"/>
</engineerTo>
<nullsAllowed>true</nullsAllowed>
<useDomainConstraints>false</useDomainConstraints>
<use>1</use>
<logicalDatatype>LOGDT026</logicalDatatype>
<dataTypePrecision>2</dataTypePrecision>
<ownDataTypeParameters>,2,</ownDataTypeParameters>
</Attribute>
<Attribute name="type" id="0DA52850-BA41-AA82-D132-5524396EF1FF">
<createdBy>team00</createdBy>
<createdTime>2016-10-08 01:11:43 UTC</createdTime>
<ownerDesignName>gym-proj-2deliverable</ownerDesignName>
<engineerTo>
<item key="3F2A4F08-78CA-1FBF-2B41-DB3D94A0114D" value="true"/>
</engineerTo>
<nullsAllowed>true</nullsAllowed>
<useDomainConstraints>false</useDomainConstraints>
<use>1</use>
<logicalDatatype>LOGDT025</logicalDatatype>
<dataTypeSize>1</dataTypeSize>
<ownDataTypeParameters>1,,</ownDataTypeParameters>
</Attribute>
</attributes>
<identifiers itemClass="oracle.dbtools.crest.model.design.logical.CandidateKey">
<identifier id="08EC5448-DFF2-C40B-2AD0-17C7B748A9CC" name="Employee PK">
<createdBy>team00</createdBy>
<createdTime>2016-10-08 00:53:06 UTC</createdTime>
<ownerDesignName>gym-proj-2deliverable</ownerDesignName>
<engineerTo>
<item key="3F2A4F08-78CA-1FBF-2B41-DB3D94A0114D" value="true"/>
</engineerTo>
<pk>true</pk>
<usedAttributes>
<attributeRef>047D4E67-3BE0-298A-DFC6-E7B769662C0D</attributeRef>
</usedAttributes>
</identifier>
</identifiers>
</Entity>