<?xml version = '1.0' encoding = 'UTF-8'?>
<Diagram class="oracle.dbtools.crest.swingui.logical.DPVLogical" name="Logical" id="9A7F8809-19AC-131B-43CF-A25469A1A06F">
<createdBy>team00</createdBy>
<modifiedBy>team00</modifiedBy>
<createdTime>2016-10-08 00:50:15 UTC</createdTime>
<autoRoute>false</autoRoute>
<boxInbox>true</boxInbox>
<showLegend>false</showLegend>
<showLabels>false</showLabels>
<showRelAttributes>false</showRelAttributes>
<gridEnabled>false</gridEnabled>
<showGrid>false</showGrid>
<diagramColor>-1</diagramColor>
<display>false</display>
<notation>1</notation>
<objectViews>
<OView class="oracle.dbtools.crest.swingui.logical.TVEntity" oid="08EE50F6-AB32-205D-057B-7565144DF19A" otype="Entity" vid="AE388453-2E36-C3C0-EB7F-D28D2CE61F98">
<hideElementsInCurrentOnly>false</hideElementsInCurrentOnly>
<bounds x="153" y="244" width="96" height="58"/>
</OView>
<OView class="oracle.dbtools.crest.swingui.logical.TVEntity" oid="0C934388-4380-270D-F070-F843A6AE772B" otype="Entity" vid="8CA2A72B-62E4-5358-8F2A-A05834A23240">
<hideElementsInCurrentOnly>false</hideElementsInCurrentOnly>
<bounds x="349" y="117" width="94" height="103"/>
</OView>
<OView class="oracle.dbtools.crest.swingui.logical.TVEntity" oid="2E49CD28-0DFA-95D4-64BA-DFC2EEC90E5D" otype="Entity" vid="93BF1043-DDCC-2B80-2C19-B39BBBFD1B63">
<hideElementsInCurrentOnly>false</hideElementsInCurrentOnly>
<bounds x="271" y="234" width="157" height="83"/>
</OView>
<OView class="oracle.dbtools.crest.swingui.logical.TVEntity" oid="3601CAE9-4B9B-3990-061C-23886905BC0F" otype="Entity" vid="0DA6D158-46DD-6481-0396-C2E70894F9FF">
<hideElementsInCurrentOnly>false</hideElementsInCurrentOnly>
<bounds x="125" y="132" width="67" height="43"/>
</OView>
<OView class="oracle.dbtools.crest.swingui.logical.TVEntity" oid="5AEF2B05-97FD-F749-53D1-3869ED8D3500" otype="Entity" vid="B11EB558-9BF8-12B5-F3CA-BFCF3EB1034D">
<hideElementsInCurrentOnly>false</hideElementsInCurrentOnly>
<bounds x="39" y="280" width="107" height="97"/>
</OView>
<OView class="oracle.dbtools.crest.swingui.logical.TVEntity" oid="5C812A21-6FD4-BD70-F597-D45CB16EDDEF" otype="Entity" vid="B684110E-729F-6128-DFE9-40770C039408">
<hideElementsInCurrentOnly>false</hideElementsInCurrentOnly>
<bounds x="14" y="39" width="93" height="118"/>
</OView>
<OView class="oracle.dbtools.crest.swingui.logical.TVEntity" oid="657B6E5D-C7DA-4C4E-8FAA-CBEFD9A47FF7" otype="Entity" vid="965DF1DF-4F52-CE27-A5D2-2FA8ACAACAE0">
<hideElementsInCurrentOnly>false</hideElementsInCurrentOnly>
<bounds x="6" y="175" width="116" height="81"/>
</OView>
<OView class="oracle.dbtools.crest.swingui.logical.TVEntity" oid="77F64D01-1FC5-E12D-445E-0C6F6867BB1E" otype="Entity" vid="BAEC7A17-C942-6776-D473-FD77018E99F5">
<hideElementsInCurrentOnly>false</hideElementsInCurrentOnly>
<bounds x="124" y="39" width="90" height="76"/>
</OView>
<OView class="oracle.dbtools.crest.swingui.logical.TVEntity" oid="799A2055-8373-85CB-E9BC-639EE690B588" otype="Entity" vid="FEC155BF-683D-6588-C73B-0ACA682F4AE9">
<hideElementsInCurrentOnly>false</hideElementsInCurrentOnly>
<bounds x="241" y="26" width="136" height="77"/>
</OView>
<OView class="oracle.dbtools.crest.swingui.logical.TVEntity" oid="96205EFD-F207-B616-F95C-8FAAE5191E46" otype="Entity" vid="C5AE011B-9C03-B350-C4EE-8F65981D4783">
<hideElementsInCurrentOnly>false</hideElementsInCurrentOnly>
<bounds x="225" y="127" width="107" height="96"/>
</OView>
</objectViews>
<connectors>
<Connector class="oracle.dbtools.crest.swingui.logical.TVRelation" oid="006D7AAF-2140-C8D3-7E33-6BEF351F4016" otype="Relation" vid_source="B684110E-729F-6128-DFE9-40770C039408" vid_target="BAEC7A17-C942-6776-D473-FD77018E99F5">
<hideElementsInCurrentOnly>false</hideElementsInCurrentOnly>
<lineWidth>1</lineWidth>
<points>
<point x="107" y="77"/>
<point x="124" y="77"/>
</points>
</Connector>
<Connector class="oracle.dbtools.crest.swingui.logical.TVRelation" oid="07C24384-9716-137E-EC1B-B51581FD526B" otype="Relation" vid_source="8CA2A72B-62E4-5358-8F2A-A05834A23240" vid_target="C5AE011B-9C03-B350-C4EE-8F65981D4783">
<hideElementsInCurrentOnly>false</hideElementsInCurrentOnly>
<lineWidth>1</lineWidth>
<points>
<point x="349" y="173"/>
<point x="332" y="173"/>
</points>
</Connector>
<Connector class="oracle.dbtools.crest.swingui.logical.TVRelation" oid="19463800-C596-FC34-2692-D8B02D2E5535" otype="Relation" vid_source="B684110E-729F-6128-DFE9-40770C039408" vid_target="965DF1DF-4F52-CE27-A5D2-2FA8ACAACAE0">
<hideElementsInCurrentOnly>false</hideElementsInCurrentOnly>
<lineWidth>1</lineWidth>
<points>
<point x="60" y="157"/>
<point x="60" y="256"/>
</points>
</Connector>
<Connector class="oracle.dbtools.crest.swingui.logical.TVRelation" oid="1F266AB4-DB08-A1E8-FEF7-7D9F96A270F9" otype="Relation" vid_source="0DA6D158-46DD-6481-0396-C2E70894F9FF" vid_target="B11EB558-9BF8-12B5-F3CA-BFCF3EB1034D">
<hideElementsInCurrentOnly>false</hideElementsInCurrentOnly>
<lineWidth>1</lineWidth>
<points>
<point x="135" y="175"/>
<point x="135" y="280"/>
</points>
</Connector>
<Connector class="oracle.dbtools.crest.swingui.logical.TVRelation" oid="655E0DA9-B8B5-84F8-620B-8E6BB070A6A4" otype="Relation" vid_source="BAEC7A17-C942-6776-D473-FD77018E99F5" vid_target="FEC155BF-683D-6588-C73B-0ACA682F4AE9">
<hideElementsInCurrentOnly>false</hideElementsInCurrentOnly>
<lineWidth>1</lineWidth>
<points>
<point x="214" y="71"/>
<point x="241" y="71"/>
</points>
</Connector>
<Connector class="oracle.dbtools.crest.swingui.logical.TVRelation" oid="6762AD1C-804A-BBCC-2A65-D869037E3117" otype="Relation" vid_source="8CA2A72B-62E4-5358-8F2A-A05834A23240" vid_target="93BF1043-DDCC-2B80-2C19-B39BBBFD1B63">
<hideElementsInCurrentOnly>false</hideElementsInCurrentOnly>
<lineWidth>1</lineWidth>
<points>
<point x="388" y="220"/>
<point x="388" y="234"/>
</points>
</Connector>
<Connector class="oracle.dbtools.crest.swingui.logical.TVRelation" oid="752A985E-9E1F-79DF-2DAF-F39FFD4C5655" otype="Relation" vid_source="965DF1DF-4F52-CE27-A5D2-2FA8ACAACAE0" vid_target="B11EB558-9BF8-12B5-F3CA-BFCF3EB1034D">
<hideElementsInCurrentOnly>false</hideElementsInCurrentOnly>
<lineWidth>1</lineWidth>
<points>
<point x="80" y="256"/>
<point x="80" y="280"/>
</points>
</Connector>
<Connector class="oracle.dbtools.crest.swingui.logical.TVRelation" oid="84B40E9B-D3FC-8E1A-1756-7C44E0269DB8" otype="Relation" vid_source="0DA6D158-46DD-6481-0396-C2E70894F9FF" vid_target="AE388453-2E36-C3C0-EB7F-D28D2CE61F98">
<hideElementsInCurrentOnly>false</hideElementsInCurrentOnly>
<lineWidth>1</lineWidth>
<points>
<point x="172" y="175"/>
<point x="172" y="244"/>
</points>
</Connector>
<Connector class="oracle.dbtools.crest.swingui.logical.TVRelation" oid="8B3BA610-7F97-2215-513A-BFE03D42136E" otype="Relation" vid_source="C5AE011B-9C03-B350-C4EE-8F65981D4783" vid_target="FEC155BF-683D-6588-C73B-0ACA682F4AE9">
<hideElementsInCurrentOnly>false</hideElementsInCurrentOnly>
<lineWidth>1</lineWidth>
<points>
<point x="286" y="127"/>
<point x="286" y="103"/>
</points>
</Connector>
<Connector class="oracle.dbtools.crest.swingui.logical.TVRelation" oid="C7B79A96-DF96-74E4-2AC3-BF67A2A42EF0" otype="Relation" vid_source="BAEC7A17-C942-6776-D473-FD77018E99F5" vid_target="0DA6D158-46DD-6481-0396-C2E70894F9FF">
<hideElementsInCurrentOnly>false</hideElementsInCurrentOnly>
<lineWidth>1</lineWidth>
<points>
<point x="158" y="115"/>
<point x="158" y="132"/>
</points>
</Connector>
</connectors>
</Diagram>